{"value_loss": 0.16047605276107788, "_timestamp": 1665230846.1998823, "_runtime": 2968.758249282837, "policy_loss": -0.00040846085507340035, "dist_entropy": 1.0086578369140624, "actor_grad_norm": 0.020129403099417686, "critic_grad_norm": 0.12675465643405914, "ratio": 0.9999664425849915, "sm3_ratio_mean": 0.27566213151927055, "drop_mean": 0.0015603431834122546, "drop_std": 0.019743554473421767, "drop_min": 0.0, "drop_max": 0.4, "delay_mean": 0.04665591559390089, "delay_std": 0.07466719666540157, "delay_min": 0.0, "delay_max": 0.8077777839369245, "pc_mean": 226.13992309570312, "pc_std": 45.38817596435547, "pc_min": 113.22846221923828, "pc_max": 697.443359375, "reward_mean": -0.24640893314110565, "reward_std": 0.20478342615514333, "reward_min": -4.314870816214217, "reward_max": -0.11322846221923828, "_step": 554400}