{"value_loss": 0.18530675321817397, "_timestamp": 1665231889.1348825, "_runtime": 4011.693249464035, "policy_loss": -0.00027304111868602375, "dist_entropy": 1.0036872982978822, "actor_grad_norm": 0.028285514563322067, "critic_grad_norm": 0.10656837373971939, "ratio": 1.0000494718551636, "sm3_ratio_mean": 0.23299943310656857, "drop_mean": 0.001429514704970643, "drop_std": 0.019322299895672683, "drop_min": 0.0, "drop_max": 0.403326028585434, "delay_mean": 0.045567173882969866, "delay_std": 0.07307170547830075, "delay_min": 0.0, "delay_max": 0.905555577741729, "pc_mean": 229.4430389404297, "pc_std": 49.63172149658203, "pc_min": 118.79676818847656, "pc_max": 754.3472290039062, "reward_mean": -0.24829490184437988, "reward_std": 0.2017374498828386, "reward_min": -4.3434680500494105, "reward_max": -0.11879676818847656, "_step": 756000}