{"value_loss": 0.13874757140874863, "_timestamp": 1665215792.563966, "_runtime": 7635.625235080719, "policy_loss": -0.00032999256122074884, "dist_entropy": 1.0592183351516724, "actor_grad_norm": 0.03627914935350418, "critic_grad_norm": 0.07375012338161469, "ratio": 1.0000183582305908, "sm3_ratio_mean": 0.060897959183675875, "drop_ratio_mean": 0.01792258769273758, "drop_ratio_std": 0.13008169829845428, "drop_ratio_min": 0.0, "drop_ratio_max": 1.0, "ue_drop_ratio_mean": 0.010092129425497367, "ue_drop_ratio_std": 0.08074311179270756, "ue_drop_ratio_min": 0.0, "ue_drop_ratio_max": 0.9999996666667778, "delay_ratio_mean": 0.11690212786197662, "delay_ratio_std": 0.1179795190691948, "delay_ratio_min": 0.0, "delay_ratio_max": 1.0, "qos_reward_mean": -0.006487257477140492, "qos_reward_std": 0.07553267044381419, "qos_reward_min": -0.99999950000025, "qos_reward_max": 0.003933329396526999, "pc_kw_mean": 0.26063338539789593, "pc_kw_std": 0.05282000923793966, "pc_kw_min": 0.14116194152832032, "pc_kw_max": 0.7688869018554688, "reward_mean": -0.29306967278359836, "reward_std": 0.3792588327655665, "reward_min": -5.3152186328175, "reward_max": -0.14116194152832032, "_step": 1386000, "_wandb": {"runtime": 7673}}